season,goalieId,name,games,shotsAgainst,goalsAgainst,xGA,GSAx,GSAx_per_100
20232024,8470594,Marc-Andre Fleury,40,1056,111,98.948,-12.052,-1.141
20232024,8471734,Jonathan Quick,27,771,69,75.876,6.876,0.892
20232024,8473503,James Reimer,25,727,70,76.059,6.059,0.833
20232024,8473575,Semyon Varlamov,28,837,69,76.376,7.376,0.881
20232024,8474593,Jacob Markstrom,48,1379,131,142.934,11.934,0.865
20232024,8474596,Jake Allen,34,1087,114,110.13,-3.87,-0.356
20232024,8474636,Michael Hutchinson,1,36,3,3.384,0.384,1.068
20232024,8474889,Martin Jones,22,574,56,56.445,0.445,0.077
20232024,8475311,Darcy Kuemper,33,940,103,88.655,-14.345,-1.526
20232024,8475660,Cam Talbot,54,1491,130,134.444,4.444,0.298
20232024,8475683,Sergei Bobrovsky,58,1584,135,146.727,11.727,0.74
20232024,8475717,Calvin Pickard,23,581,53,54.786,1.786,0.307
20232024,8475789,Jack Campbell,5,157,20,19.771,-0.229,-0.146
20232024,8475809,Scott Wedgewood,32,844,85,77.455,-7.545,-0.894
20232024,8475831,Philipp Grubauer,36,941,95,87.286,-7.714,-0.82
20232024,8475839,Louis Domingue,1,26,1,2.157,1.157,4.451
20232024,8475852,Petr Mrazek,56,1725,160,171.946,11.946,0.692
20232024,8475883,Frederik Andersen,16,410,28,39.693,11.693,2.852
20232024,8476316,Laurent Brossoit,23,620,45,52.608,7.608,1.227
20232024,8476341,Anton Forsberg,30,765,84,75.574,-8.426,-1.101
20232024,8476412,Jordan Binnington,57,1786,156,170.807,14.807,0.829
20232024,8476433,Magnus Hellberg,3,64,5,6.78,1.78,2.781
20232024,8476434,John Gibson,46,1343,151,139.378,-11.622,-0.865
20232024,8476876,Malcolm Subban,1,35,3,3.789,0.789,2.255
20232024,8476883,Andrei Vasilevskiy,52,1477,148,140.079,-7.921,-0.536
20232024,8476904,Chris Driedger,2,60,5,5.831,0.831,1.386
20232024,8476914,Joonas Korpisalo,55,1522,168,146.274,-21.726,-1.427
20232024,8476932,Anthony Stolarz,27,684,51,63.636,12.636,1.847
20232024,8476945,Connor Hellebuyck,60,1798,142,164.518,22.518,1.252
20232024,8476999,Linus Ullmark,40,1208,103,115.708,12.708,1.052
20232024,8477035,Matt Tomkins,6,185,20,17.2,-2.8,-1.513
20232024,8477293,Antti Raanta,24,493,63,53.964,-9.036,-1.833
20232024,8477361,Cal Petersen,5,132,18,10.747,-7.253,-5.495
20232024,8477424,Juuse Saros,64,1845,173,171.529,-1.471,-0.08
20232024,8477465,Tristan Jarry,51,1369,133,129.715,-3.285,-0.24
20232024,8477480,Eric Comrie,10,254,32,28.965,-3.035,-1.195
20232024,8477484,Spencer Martin,19,533,59,55.383,-3.617,-0.679
20232024,8477831,Pheonix Copley,8,177,23,20.817,-2.183,-1.233
20232024,8477967,Thatcher Demko,51,1492,123,139.261,16.261,1.09
20232024,8477968,Alex Nedeljkovic,38,1039,102,101.097,-0.903,-0.087
20232024,8477970,Vitek Vanecek,32,862,95,87.237,-7.763,-0.901
20232024,8477992,Jonas Johansson,26,752,83,74.745,-8.255,-1.098
20232024,8478007,Elvis Merzlikins,41,1266,130,130.675,0.675,0.053
20232024,8478009,Ilya Sorokin,56,1822,167,165.339,-1.661,-0.091
20232024,8478024,Ville Husso,19,556,60,50.852,-9.148,-1.645
20232024,8478039,Kaapo Kahkonen,37,1139,116,118.179,2.179,0.191
20232024,8478048,Igor Shesterkin,55,1607,141,146.615,5.615,0.349
20232024,8478406,Mackenzie Blackwood,44,1383,140,143.763,3.763,0.272
20232024,8478433,Felix Sandstrom,5,96,17,11.211,-5.789,-6.03
20232024,8478435,Dan Vladar,20,574,68,55.917,-12.083,-2.105
20232024,8478470,Samuel Montembeault,41,1307,127,132.274,5.274,0.404
20232024,8478492,Ilya Samsonov,40,1087,120,100.429,-19.571,-1.801
20232024,8478499,Adin Hill,35,979,89,88.537,-0.463,-0.047
20232024,8478872,Karel Vejmelka,37,1091,114,108.009,-5.991,-0.549
20232024,8478905,Ivan Fedotov,3,53,10,5.49,-4.51,-8.509
20232024,8478916,Joey Daccord,50,1374,116,116.344,0.344,0.025
20232024,8478965,Kenneth Appleby,1,8,2,0.925,-1.075,-13.439
20232024,8478971,Connor Ingram,50,1461,136,142.087,6.087,0.417
20232024,8479193,Casey DeSmith,29,760,80,72.589,-7.411,-0.975
20232024,8479292,Charlie Lindgren,50,1431,127,133.412,6.412,0.448
20232024,8479312,Alex Lyon,44,1325,127,127.268,0.268,0.02
20232024,8479361,Joseph Woll,25,772,72,77.516,5.516,0.715
20232024,8479394,Carter Hart,26,727,68,68.714,0.714,0.098
20232024,8479406,Filip Gustavsson,45,1283,129,127.763,-1.237,-0.096
20232024,8479496,David Rittich,24,621,49,62.845,13.845,2.229
20232024,8479973,Stuart Skinner,58,1553,147,155.083,8.083,0.52
20232024,8479979,Jake Oettinger,54,1476,140,141.665,1.665,0.113
20232024,8480045,Ukko-Pekka Luukkonen,54,1470,132,138.898,6.898,0.469
20232024,8480051,Cayden Primeau,23,731,66,68.426,2.426,0.332
20232024,8480191,Matt Villalta,2,29,5,2.535,-2.465,-8.5
20232024,8480193,Daniil Tarasov,24,796,73,73.003,0.003,0.0
20232024,8480238,Jiri Patera,6,196,21,18.704,-2.296,-1.171
20232024,8480280,Jeremy Swayman,44,1287,108,122.62,14.62,1.136
20232024,8480313,Logan Thompson,46,1298,119,112.858,-6.142,-0.473
20232024,8480382,Alexandar Georgiev,63,1771,183,170.406,-12.594,-0.711
20232024,8480843,Lukas Dostal,44,1310,129,129.252,0.252,0.019
20232024,8480947,Kevin Lankinen,24,610,56,60.466,4.466,0.732
20232024,8480981,Joel Hofer,30,831,72,82.486,10.486,1.262
20232024,8480992,Magnus Chrona,9,262,37,26.834,-10.166,-3.88
20232024,8481020,Justus Annunen,14,414,30,37.656,7.656,1.849
20232024,8481031,Ivan Prosvetov,11,248,26,24.588,-1.412,-0.569
20232024,8481033,Akira Schmid,19,457,48,44.33,-3.67,-0.803
20232024,8481035,Samuel Ersson,51,1204,132,115.282,-16.718,-1.389
20232024,8481544,Mads Sogaard,6,135,19,11.487,-7.513,-5.565
20232024,8481611,Pyotr Kochetkov,42,1031,92,99.622,7.622,0.739
20232024,8481668,Arturs Silovs,4,84,10,6.66,-3.34,-3.976
20232024,8481692,Dustin Wolf,17,467,50,39.004,-10.996,-2.355
20232024,8482076,Nico Daws,21,568,60,58.543,-1.457,-0.256
20232024,8482137,Yaroslav Askarov,2,35,2,3.353,1.353,3.867
20232024,8482221,Devon Levi,23,666,67,68.983,1.983,0.298
20232024,8482411,Hunter Shepard,4,123,13,13.061,0.061,0.049
20232024,8482445,Devin Cooley,6,192,25,19.83,-5.17,-2.693
20232024,8482661,Jesper Wallstedt,3,87,9,6.643,-2.357,-2.709
20232024,8482821,Arvid Soderblom,32,943,114,95.715,-18.285,-1.939
20232024,8482982,Jet Greaves,9,327,30,30.888,0.888,0.272
20232024,8483575,Matt Murray,1,23,0,1.182,1.182,5.138
20232024,8484293,Yaniv Perets,1,1,0,0.086,0.086,8.568
20232024,8484312,Georgi Romanov,2,30,1,2.791,1.791,5.97
20242025,8470594,Marc-Andre Fleury,26,670,68,60.105,-7.895,-1.178
20242025,8471734,Jonathan Quick,24,657,70,63.984,-6.016,-0.916
20242025,8473503,James Reimer,24,663,69,70.569,1.569,0.237
20242025,8473575,Semyon Varlamov,10,262,29,26.247,-2.753,-1.051
20242025,8474593,Jacob Markstrom,49,1214,121,114.4,-6.6,-0.544
20242025,8474596,Jake Allen,31,821,77,84.342,7.342,0.894
20242025,8474682,Dustin Tokarski,6,132,13,11.167,-1.833,-1.389
20242025,8475311,Darcy Kuemper,50,1268,100,120.317,20.317,1.602
20242025,8475660,Cam Talbot,47,1296,129,127.254,-1.746,-0.135
20242025,8475683,Sergei Bobrovsky,54,1377,130,123.823,-6.177,-0.449
20242025,8475717,Calvin Pickard,35,849,85,78.611,-6.389,-0.753
20242025,8475809,Scott Wedgewood,24,578,53,56.081,3.081,0.533
20242025,8475831,Philipp Grubauer,26,681,85,65.48,-19.52,-2.866
20242025,8475839,Louis Domingue,1,27,2,2.343,0.343,1.271
20242025,8475852,Petr Mrazek,38,1066,116,104.538,-11.462,-1.075
20242025,8475883,Frederik Andersen,22,546,55,61.22,6.22,1.139
20242025,8476341,Anton Forsberg,30,768,76,75.58,-0.42,-0.055
20242025,8476412,Jordan Binnington,56,1457,145,133.696,-11.304,-0.776
20242025,8476434,John Gibson,29,812,72,83.449,11.449,1.41
20242025,8476883,Andrei Vasilevskiy,63,1717,136,158.634,22.634,1.318
20242025,8476899,Matt Murray,2,58,7,4.977,-2.023,-3.489
20242025,8476914,Joonas Korpisalo,27,693,74,63.155,-10.845,-1.565
20242025,8476932,Anthony Stolarz,34,955,71,87.957,16.957,1.776
20242025,8476945,Connor Hellebuyck,63,1664,125,146.935,21.935,1.318
20242025,8476999,Linus Ullmark,44,1230,112,123.401,11.401,0.927
20242025,8477405,Marcus Hogberg,15,335,41,31.286,-9.714,-2.9
20242025,8477424,Juuse Saros,58,1593,167,160.195,-6.805,-0.427
20242025,8477465,Tristan Jarry,36,972,105,94.507,-10.493,-1.08
20242025,8477480,Eric Comrie,20,547,47,50.12,3.12,0.57
20242025,8477484,Spencer Martin,9,175,27,20.194,-6.806,-3.889
20242025,8477831,Pheonix Copley,1,12,2,1.456,-0.544,-4.537
20242025,8477967,Thatcher Demko,23,569,63,60.488,-2.512,-0.441
20242025,8477968,Alex Nedeljkovic,38,1054,112,104.765,-7.235,-0.686
20242025,8477970,Vitek Vanecek,25,724,84,72.061,-11.939,-1.649
20242025,8477990,Brandon Halverson,1,24,5,3.377,-1.623,-6.764
20242025,8477992,Jonas Johansson,19,554,58,54.664,-3.336,-0.602
20242025,8478007,Elvis Merzlikins,53,1557,168,156.341,-11.659,-0.749
20242025,8478009,Ilya Sorokin,61,1696,158,165.872,7.872,0.464
20242025,8478024,Ville Husso,13,336,37,29.425,-7.575,-2.254
20242025,8478039,Kaapo Kahkonen,1,20,4,1.79,-2.21,-11.049
20242025,8478048,Igor Shesterkin,61,1751,167,180.959,13.959,0.797
20242025,8478406,Mackenzie Blackwood,56,1550,137,147.886,10.886,0.702
20242025,8478435,Dan Vladar,30,810,83,77.439,-5.561,-0.687
20242025,8478470,Samuel Montembeault,62,1679,166,185.034,19.034,1.134
20242025,8478492,Ilya Samsonov,29,752,82,71.569,-10.431,-1.387
20242025,8478499,Adin Hill,50,1293,121,123.619,2.619,0.203
20242025,8478848,Ales Stezka,1,23,3,2.487,-0.513,-2.232
20242025,8478872,Karel Vejmelka,58,1509,145,157.112,12.112,0.803
20242025,8478905,Ivan Fedotov,26,624,75,59.974,-15.026,-2.408
20242025,8478916,Joey Daccord,57,1600,151,146.274,-4.726,-0.295
20242025,8478971,Connor Ingram,22,558,66,57.952,-8.048,-1.442
20242025,8479193,Casey DeSmith,27,761,65,78.095,13.095,1.721
20242025,8479292,Charlie Lindgren,39,987,104,103.587,-0.413,-0.042
20242025,8479312,Alex Lyon,30,705,73,70.246,-2.754,-0.391
20242025,8479361,Joseph Woll,42,1216,111,116.547,5.547,0.456
20242025,8479406,Filip Gustavsson,58,1693,146,155.655,9.655,0.57
20242025,8479496,David Rittich,34,772,88,73.245,-14.755,-1.911
20242025,8479973,Stuart Skinner,51,1325,138,134.208,-3.792,-0.286
20242025,8479979,Jake Oettinger,58,1611,147,157.919,10.919,0.678
20242025,8480045,Ukko-Pekka Luukkonen,55,1490,169,150.338,-18.662,-1.252
20242025,8480051,Cayden Primeau,11,250,41,28.911,-12.089,-4.836
20242025,8480191,Matt Villalta,1,31,3,3.51,0.51,1.644
20242025,8480193,Daniil Tarasov,20,544,65,57.801,-7.199,-1.323
20242025,8480280,Jeremy Swayman,58,1632,176,161.104,-14.896,-0.913
20242025,8480313,Logan Thompson,43,1172,105,121.364,16.364,1.396
20242025,8480382,Alexandar Georgiev,49,1317,165,144.495,-20.505,-1.557
20242025,8480819,Jakub Skarek,2,39,5,3.644,-1.356,-3.477
20242025,8480843,Lukas Dostal,54,1625,158,168.988,10.988,0.676
20242025,8480885,Olivier Rodrigue,2,29,4,4.236,0.236,0.813
20242025,8480947,Kevin Lankinen,51,1345,132,127.889,-4.111,-0.306
20242025,8480981,Joel Hofer,31,767,74,69.784,-4.216,-0.55
20242025,8481020,Justus Annunen,34,814,95,78.552,-16.448,-2.021
20242025,8481033,Akira Schmid,5,90,5,8.357,3.357,3.73
20242025,8481035,Samuel Ersson,47,1162,136,108.468,-27.532,-2.369
20242025,8481519,Spencer Knight,38,1012,100,98.56,-1.44,-0.142
20242025,8481529,Trent Miner,2,33,4,2.681,-1.319,-3.997
20242025,8481544,Mads Sogaard,2,40,8,4.153,-3.847,-9.617
20242025,8481611,Pyotr Kochetkov,47,1173,121,119.352,-1.648,-0.14
20242025,8481668,Arturs Silovs,10,238,33,23.403,-9.597,-4.033
20242025,8481692,Dustin Wolf,53,1549,140,151.771,11.771,0.76
20242025,8481707,Erik Portillo,1,29,1,3.235,2.235,7.706
20242025,8482076,Nico Daws,5,114,7,10.607,3.607,3.164
20242025,8482123,Drew Commesso,2,26,4,2.943,-1.057,-4.064
20242025,8482137,Yaroslav Askarov,13,357,37,38.054,1.054,0.295
20242025,8482221,Devon Levi,9,258,33,26.174,-6.826,-2.646
20242025,8482411,Hunter Shepard,1,26,7,4.403,-2.597,-9.988
20242025,8482446,Joel Blomqvist,15,425,49,42.167,-6.833,-1.608
20242025,8482447,Leevi Meriläinen,12,295,22,23.099,1.099,0.372
20242025,8482487,Jakub Dobes,16,440,40,43.457,3.457,0.786
20242025,8482657,Sebastian Cossa,1,14,2,1.471,-0.529,-3.782
20242025,8482661,Jesper Wallstedt,2,51,8,4.912,-3.088,-6.056
20242025,8482668,Tristan Lennox,1,2,1,0.111,-0.889,-44.451
20242025,8482783,Aleksei Kolosov,17,406,54,43.094,-10.906,-2.686
20242025,8482821,Arvid Soderblom,36,1087,111,113.047,2.047,0.188
20242025,8482982,Jet Greaves,11,339,21,33.81,12.81,3.779
20242025,8483530,Jaxson Stauber,6,158,17,16.616,-0.384,-0.243
20242025,8483532,Clay Stevenson,1,38,5,4.145,-0.855,-2.251
20242025,8483668,Nikke Kokko,1,6,2,0.788,-1.212,-20.206
20242025,8483710,Dennis Hildeby,6,157,20,14.668,-5.332,-3.396
20242025,8484268,Nikita Tolopilo,2,26,3,2.15,-0.85,-3.271
20242025,8484293,Yaniv Perets,1,7,1,0.822,-0.178,-2.547
20242025,8484312,Georgi Romanov,8,219,27,21.84,-5.16,-2.356
20242025,8484910,Victor Ostman,1,12,0,1.838,1.838,15.318
20252026,8471734,Jonathan Quick,25,671,73,70.97,-2.03,-0.302
20252026,8473503,James Reimer,14,289,33,30.33,-2.67,-0.924
20252026,8474593,Jacob Markstrom,44,1113,130,114.184,-15.816,-1.421
20252026,8474596,Jake Allen,37,1032,100,112.621,12.621,1.223
20252026,8475311,Darcy Kuemper,50,1234,134,132.076,-1.924,-0.156
20252026,8475660,Cam Talbot,34,797,93,83.742,-9.258,-1.162
20252026,8475683,Sergei Bobrovsky,52,1250,154,136.673,-17.327,-1.386
20252026,8475717,Calvin Pickard,16,410,53,49.869,-3.131,-0.764
20252026,8475809,Scott Wedgewood,45,1093,86,106.67,20.67,1.891
20252026,8475831,Philipp Grubauer,32,866,79,87.811,8.811,1.017
20252026,8475852,Petr Mrazek,10,247,35,27.892,-7.108,-2.878
20252026,8475883,Frederik Andersen,35,849,107,105.063,-1.937,-0.228
20252026,8476316,Laurent Brossoit,1,24,6,2.659,-3.341,-13.921
20252026,8476341,Anton Forsberg,36,953,87,96.13,9.13,0.958
20252026,8476412,Jordan Binnington,41,1010,128,105.496,-22.504,-2.228
20252026,8476434,John Gibson,57,1461,144,156.206,12.206,0.835
20252026,8476883,Andrei Vasilevskiy,58,1485,132,156.932,24.932,1.679
20252026,8476899,Matt Murray,5,102,8,9.969,1.969,1.93
20252026,8476914,Joonas Korpisalo,31,851,90,89.355,-0.645,-0.076
20252026,8476932,Anthony Stolarz,26,708,76,76.36,0.36,0.051
20252026,8476945,Connor Hellebuyck,57,1547,162,161.825,-0.175,-0.011
20252026,8476999,Linus Ullmark,49,1198,131,129.28,-1.72,-0.144
20252026,8477405,Marcus Hogberg,1,7,2,0.946,-1.054,-15.063
20252026,8477424,Juuse Saros,59,1700,181,191.72,10.72,0.631
20252026,8477465,Tristan Jarry,33,832,98,91.316,-6.684,-0.803
20252026,8477480,Eric Comrie,25,654,72,66.028,-5.972,-0.913
20252026,8477484,Spencer Martin,6,147,20,15.758,-4.242,-2.886
20252026,8477831,Pheonix Copley,1,28,3,2.173,-0.827,-2.953
20252026,8477967,Thatcher Demko,20,515,54,58.725,4.725,0.918
20252026,8477968,Alex Nedeljkovic,40,1049,109,110.264,1.264,0.12
20252026,8477970,Vitek Vanecek,22,506,59,55.831,-3.169,-0.626
20252026,8477990,Brandon Halverson,1,21,4,2.741,-1.259,-5.996
20252026,8477992,Jonas Johansson,25,670,78,69.874,-8.126,-1.213
20252026,8478007,Elvis Merzlikins,30,812,95,87.196,-7.804,-0.961
20252026,8478009,Ilya Sorokin,55,1530,144,173.848,29.848,1.951
20252026,8478024,Ville Husso,20,534,62,61.074,-0.926,-0.173
20252026,8478048,Igor Shesterkin,51,1425,126,148.49,22.49,1.578
20252026,8478406,Mackenzie Blackwood,38,933,90,95.67,5.67,0.608
20252026,8478435,Dan Vladar,52,1283,121,130.081,9.081,0.708
20252026,8478470,Samuel Montembeault,25,635,81,78.988,-2.012,-0.317
20252026,8478499,Adin Hill,27,587,76,59.948,-16.052,-2.735
20252026,8478872,Karel Vejmelka,64,1627,169,175.548,6.548,0.402
20252026,8478916,Joey Daccord,47,1309,136,130.943,-5.057,-0.386
20252026,8478971,Connor Ingram,32,763,77,80.322,3.322,0.435
20252026,8479193,Casey DeSmith,30,760,71,79.599,8.599,1.131
20252026,8479292,Charlie Lindgren,21,602,73,69.826,-3.174,-0.527
20252026,8479312,Alex Lyon,36,980,92,103.401,11.401,1.163
20252026,8479361,Joseph Woll,39,1221,124,124.023,0.023,0.002
20252026,8479394,Carter Hart,18,422,46,41.172,-4.828,-1.144
20252026,8479406,Filip Gustavsson,50,1378,133,136.7,3.7,0.269
20252026,8479496,David Rittich,30,720,76,78.568,2.568,0.357
20252026,8479973,Stuart Skinner,50,1267,142,145.525,3.525,0.278
20252026,8479979,Jake Oettinger,54,1372,138,144.657,6.657,0.485
20252026,8480022,Michael DiPietro,1,2,0,0.246,0.246,12.28
20252026,8480045,Ukko-Pekka Luukkonen,35,931,85,98.754,13.754,1.477
20252026,8480051,Cayden Primeau,3,80,13,7.02,-5.98,-7.475
20252026,8480193,Daniil Tarasov,33,925,97,96.925,-0.075,-0.008
20252026,8480238,Jiri Patera,1,40,7,5.086,-1.914,-4.785
20252026,8480280,Jeremy Swayman,55,1572,146,173.674,27.674,1.76
20252026,8480313,Logan Thompson,58,1587,140,175.972,35.972,2.267
20252026,8480843,Lukas Dostal,56,1513,169,173.134,4.134,0.273
20252026,8480947,Kevin Lankinen,47,1285,160,145.225,-14.775,-1.15
20252026,8480981,Joel Hofer,46,1251,114,125.549,11.549,0.923
20252026,8481020,Justus Annunen,28,712,67,79.707,12.707,1.785
20252026,8481033,Akira Schmid,34,791,85,76.425,-8.575,-1.084
20252026,8481035,Samuel Ersson,33,744,97,80.457,-16.543,-2.223
20252026,8481519,Spencer Knight,55,1583,155,167.144,12.144,0.767
20252026,8481529,Trent Miner,4,105,8,8.138,0.138,0.131
20252026,8481544,Mads Sogaard,2,36,6,4.102,-1.898,-5.273
20252026,8481551,Colten Ellis,16,455,44,47.899,3.899,0.857
20252026,8481611,Pyotr Kochetkov,8,189,19,20.554,1.554,0.822
20252026,8481668,Arturs Silovs,39,1021,115,108.322,-6.678,-0.654
20252026,8481692,Dustin Wolf,57,1559,158,163.185,5.185,0.333
20252026,8482076,Nico Daws,3,87,8,9.827,1.827,2.1
20252026,8482123,Drew Commesso,3,85,7,7.264,0.264,0.31
20252026,8482137,Yaroslav Askarov,47,1342,157,141.977,-15.023,-1.119
20252026,8482193,Dylan Garand,3,96,5,10.572,5.572,5.804
20252026,8482411,Hunter Shepard,1,12,2,1.229,-0.771,-6.427
20252026,8482445,Devin Cooley,31,847,77,96.029,19.029,2.247
20252026,8482447,Leevi Meriläinen,20,457,64,45.679,-18.321,-4.009
20252026,8482487,Jakub Dobes,43,1187,117,129.599,12.599,1.061
20252026,8482515,Artur Akhtyamov,3,82,11,11.726,0.726,0.885
20252026,8482661,Jesper Wallstedt,35,1021,87,104.068,17.068,1.672
20252026,8482761,Carl Lindbom,8,189,24,20.687,-3.313,-1.753
20252026,8482783,Aleksei Kolosov,4,47,8,5.427,-2.573,-5.475
20252026,8482821,Arvid Soderblom,26,774,93,86.117,-6.883,-0.889
20252026,8482949,Arsenii Sergeev,1,28,1,3.541,2.541,9.075
20252026,8482982,Jet Greaves,55,1539,142,162.821,20.821,1.353
20252026,8483114,Thomas Milic,3,62,8,5.815,-2.185,-3.525
20252026,8483532,Clay Stevenson,4,101,8,9.401,1.401,1.387
20252026,8483548,Brandon Bussi,39,913,97,102.943,5.943,0.651
20252026,8483668,Nikke Kokko,3,82,9,7.416,-1.584,-1.931
20252026,8483703,Sergei Murashov,5,116,12,9.995,-2.005,-1.728
20252026,8483710,Dennis Hildeby,20,549,48,58.43,10.43,1.9
20252026,8483746,Vyacheslav Buteyets,1,13,3,1.772,-1.228,-9.445
20252026,8484170,Jacob Fowler,17,448,41,49.392,8.392,1.873
20252026,8484268,Nikita Tolopilo,21,582,69,66.925,-2.075,-0.357
20252026,8484910,Victor Ostman,1,35,2,3.164,1.164,3.327
