gameId,eventId,shooterId,goalieId,onGoal,emptyNet,goal,xg_skater,xg_goalie
2024020001,103,8483495,8480045.0,1,0,0,0.00607,0.01241
2024020001,302,8479407,8480045.0,0,0,0,0.02292,0.02846
2024020001,112,8476462,8480045.0,1,0,0,0.03166,0.03769
2024020001,120,8482175,8474593.0,1,0,0,0.00926,0.01488
2024020001,124,8482671,8474593.0,0,0,0,0.0028,0.00457
2024020001,156,8480002,8480045.0,0,0,0,0.19711,0.2422
2024020001,301,8480002,8480045.0,1,0,0,0.01277,0.02257
2024020001,204,8475722,8474593.0,1,0,0,0.02607,0.05058
2024020001,206,8480807,8474593.0,1,0,0,0.02807,0.04508
2024020001,214,8478413,8474593.0,0,0,0,0.02676,0.03786
2024020001,223,8479420,8474593.0,0,0,0,0.05506,0.0756
2024020001,239,8475722,8474593.0,0,0,0,0.0286,0.05793
2024020001,254,8477949,8474593.0,1,0,0,0.09326,0.18446
2024020001,271,8478399,8480045.0,1,0,0,0.02649,0.04634
2024020001,274,8476474,8480045.0,1,0,1,0.15903,0.22715
2024020001,281,8478414,8480045.0,1,0,0,0.06108,0.08601
2024020001,282,8478414,8480045.0,0,0,0,0.01085,0.02267
2024020001,161,8475455,8480045.0,1,0,0,0.00651,0.01363
2024020001,1730566,8481559,8480045.0,1,0,0,0.0533,0.06997
2024020001,1730607,8479407,8480045.0,1,0,0,0.18808,0.23142
2024020001,1730620,8480192,8480045.0,1,0,1,0.02682,0.03853
2024020001,1730626,8481528,8474593.0,1,0,0,0.13387,0.20937
2024020001,1730639,8479359,8474593.0,1,0,0,0.00891,0.01259
2024020001,1730641,8477979,8474593.0,1,0,0,0.01165,0.01808
2024020001,1730713,8479407,8480045.0,1,0,0,0.1301,0.18465
2024020001,1730728,8482110,8480045.0,0,0,0,0.03622,0.04899
2024020001,1730731,8482671,8474593.0,0,0,0,0.02195,0.02266
2024020001,1730746,8476462,8480045.0,1,0,0,0.03117,0.0415
2024020001,1730747,8475455,8480045.0,0,0,0,0.00702,0.00944
2024020001,1730858,8482097,8474593.0,0,0,0,0.05899,0.14176
2024020001,1730869,8476292,8480045.0,1,0,0,0.03461,0.04639
2024020001,1730871,8475722,8474593.0,1,0,0,0.12642,0.20622
2024020001,1730652,8475722,8474593.0,0,0,0,0.19146,0.22614
2024020001,1730881,8481032,8480045.0,1,0,0,0.04124,0.05921
2024020001,304,8479414,8480045.0,1,0,0,0.02831,0.06346
2024020001,1730882,8480002,8480045.0,1,0,1,0.02371,0.03392
2024020001,1730891,8482110,8480045.0,0,0,0,0.05454,0.1205
2024020001,1730653,8477979,8474593.0,1,0,0,0.08585,0.14225
2024020001,1730914,8481528,8474593.0,1,0,0,0.05377,0.07877
2024020001,1730929,8481528,8474593.0,1,0,0,0.0644,0.08456
2024020001,1730933,8481528,8474593.0,0,0,0,0.08335,0.1175
2024020001,1730934,8481528,8474593.0,1,0,0,0.04137,0.05848
2024020001,1730936,8475722,8474593.0,0,0,0,0.10876,0.16751
2024020001,1730937,8481528,8474593.0,1,0,0,0.17587,0.24432
2024020001,1730940,8484145,8474593.0,1,0,0,0.12008,0.16684
2024020001,1730944,8478413,8474593.0,1,0,0,0.01852,0.03416
2024020001,1730947,8481032,8480045.0,0,0,0,0.07376,0.15039
2024020001,1730952,8479407,8480045.0,0,0,0,0.05587,0.0926
2024020001,1730953,8481559,8480045.0,1,0,0,0.04374,0.07128
2024020001,354,8478413,8474593.0,1,0,0,0.00164,0.00068
2024020001,1730965,8480002,8480045.0,1,0,0,0.02954,0.07794
2024020001,1730972,8481528,8474593.0,1,0,0,0.01424,0.01951
2024020001,1730992,8477365,8474593.0,0,0,0,0.01199,0.01625
2024020001,1730994,8480807,8474593.0,0,0,0,0.00637,0.01338
2024020001,1731005,8475455,8480045.0,0,0,0,0.02728,0.0472
2024020001,1731006,8476462,8480045.0,0,0,0,0.08775,0.16065
2024020001,1731010,8476462,8480045.0,1,0,0,0.04569,0.07556
2024020001,1731031,8479420,8474593.0,0,0,0,0.08131,0.10809
2024020001,1731035,8482175,8474593.0,1,0,0,0.04615,0.06281
2024020001,1731043,8475722,8474593.0,0,0,0,0.1893,0.2711
2024020001,1731068,8482671,8474593.0,0,0,0,0.00261,0.00416
2024020001,1731071,8478399,8480045.0,0,0,0,0.08073,0.12866
2024020001,1731097,8479420,8474593.0,1,0,0,0.01314,0.02049
2024020001,1731104,8482671,8474593.0,0,0,0,0.06856,0.09429
2024020001,1731122,8479420,8474593.0,1,0,0,0.0561,0.08753
2024020001,1731151,8480807,8474593.0,1,0,0,0.01381,0.02139
2024020001,1731175,8482671,8474593.0,1,0,0,0.07417,0.10912
2024020001,1731176,8484145,8474593.0,0,0,0,0.03339,0.04673
2024020001,1731195,8476462,8480045.0,1,0,0,0.02576,0.03685
2024020001,1731199,8478413,8474593.0,0,0,0,0.03287,0.04965
2024020001,1731200,8477365,8474593.0,0,0,0,0.00123,0.00227
2024020001,1731207,8480002,8480045.0,1,0,0,0.0109,0.01283
2024020001,1731217,8482175,8474593.0,0,0,0,0.04688,0.11721
2024020001,1731218,8481032,8480045.0,0,0,0,0.20026,0.23989
2024020001,1731222,8479420,8474593.0,1,0,0,0.01435,0.01971
2024020001,1731223,8481524,8474593.0,0,0,0,0.01743,0.02204
2024020001,1731224,8482671,8474593.0,1,0,1,0.05865,0.08863
2024020001,1731246,8484145,8474593.0,1,0,0,0.01087,0.01675
2024020001,1731254,8477949,8474593.0,1,0,0,0.00815,0.01293
2024020001,1731282,8480839,8474593.0,1,0,0,0.00999,0.01351
2024020001,1731293,8482671,8474593.0,1,0,0,0.03157,0.04869
2024020001,1731297,8480839,8474593.0,1,0,0,0.02215,0.03519
2024020001,1731298,8481528,8474593.0,1,0,0,0.10696,0.15014
2024020001,356,8481528,8474593.0,0,0,0,0.01709,0.0279
2024020001,1731351,8482175,8474593.0,0,0,0,0.01245,0.02468
2024020001,1731305,8478414,8480045.0,1,0,0,0.02721,0.0322
2024020001,1731328,8481032,,1,1,1,0.92251,0.25057
2024020001,1731343,8477365,8474593.0,1,0,0,0.00385,0.00641
2024020001,1731348,8476474,8480045.0,0,0,0,0.10917,0.18625
2024020001,1731350,8476292,8480045.0,0,0,0,0.20315,0.28128
